[
    {
        "name": "An Giang",
        "slug": "an-giang",
        "type": "tinh",
        "name_with_type": "Tỉnh An Giang",
        "code": "89",
        "en_name": "An Giang"
    },
    {
        "name": "Kon Tum",
        "slug": "kon-tum",
        "type": "tinh",
        "name_with_type": "Tỉnh Kon Tum",
        "code": "62",
        "en_name": "Kon Tum"
    },
    {
        "name": "Đắk Nông",
        "slug": "dak-nong",
        "type": "tinh",
        "name_with_type": "Tỉnh Đắk Nông",
        "code": "67",
        "en_name": "Dak Nong"
    },
    {
        "name": "Sóc Trăng",
        "slug": "soc-trang",
        "type": "tinh",
        "name_with_type": "Tỉnh Sóc Trăng",
        "code": "94",
        "en_name": "Soc Trang"
    },
    {
        "name": "Bình Phước",
        "slug": "binh-phuoc",
        "type": "tinh",
        "name_with_type": "Tỉnh Bình Phước",
        "code": "70",
        "en_name": "Binh Phuoc"
    },
    {
        "name": "Hưng Yên",
        "slug": "hung-yen",
        "type": "tinh",
        "name_with_type": "Tỉnh Hưng Yên",
        "code": "33",
        "en_name": "Hung Yen"
    },
    {
        "name": "Thanh Hóa",
        "slug": "thanh-hoa",
        "type": "tinh",
        "name_with_type": "Tỉnh Thanh Hóa",
        "code": "38",
        "en_name": "Thanh Hoa"
    },
    {
        "name": "Quảng Trị",
        "slug": "quang-tri",
        "type": "tinh",
        "name_with_type": "Tỉnh Quảng Trị",
        "code": "45",
        "en_name": "Quang Tri"
    },
    {
        "name": "Tuyên Quang",
        "slug": "tuyen-quang",
        "type": "tinh",
        "name_with_type": "Tỉnh Tuyên Quang",
        "code": "08",
        "en_name": "Tuyen Quang"
    },
    {
        "name": "Quảng Ngãi",
        "slug": "quang-ngai",
        "type": "tinh",
        "name_with_type": "Tỉnh Quảng Ngãi",
        "code": "51",
        "en_name": "Quang Ngai"
    },
    {
        "name": "Hà Nội",
        "slug": "ha-noi",
        "type": "thanh-pho",
        "name_with_type": "Thành phố Hà Nội",
        "code": "01",
        "en_name": "Ha Noi"
    },
    {
        "name": "Lào Cai",
        "slug": "lao-cai",
        "type": "tinh",
        "name_with_type": "Tỉnh Lào Cai",
        "code": "10",
        "en_name": "Lao Cai"
    },
    {
        "name": "Vĩnh Long",
        "slug": "vinh-long",
        "type": "tinh",
        "name_with_type": "Tỉnh Vĩnh Long",
        "code": "86",
        "en_name": "Vinh Long"
    },
    {
        "name": "Lâm Đồng",
        "slug": "lam-dong",
        "type": "tinh",
        "name_with_type": "Tỉnh Lâm Đồng",
        "code": "68",
        "en_name": "Lam Dong"
    },
    {
        "name": "Bình Định",
        "slug": "binh-dinh",
        "type": "tinh",
        "name_with_type": "Tỉnh Bình Định",
        "code": "52",
        "en_name": "Binh Dinh"
    },
    {
        "name": "Nghệ An",
        "slug": "nghe-an",
        "type": "tinh",
        "name_with_type": "Tỉnh Nghệ An",
        "code": "40",
        "en_name": "Nghe An"
    },
    {
        "name": "Kiên Giang",
        "slug": "kien-giang",
        "type": "tinh",
        "name_with_type": "Tỉnh Kiên Giang",
        "code": "91",
        "en_name": "Kien Giang"
    },
    {
        "name": "Hà Giang",
        "slug": "ha-giang",
        "type": "tinh",
        "name_with_type": "Tỉnh Hà Giang",
        "code": "02",
        "en_name": "Ha Giang"
    },
    {
        "name": "Phú Yên",
        "slug": "phu-yen",
        "type": "tinh",
        "name_with_type": "Tỉnh Phú Yên",
        "code": "54",
        "en_name": "Phu Yen"
    },
    {
        "name": "Lạng Sơn",
        "slug": "lang-son",
        "type": "tinh",
        "name_with_type": "Tỉnh Lạng Sơn",
        "code": "20",
        "en_name": "Lang Son"
    },
    {
        "name": "Đà Nẵng",
        "slug": "da-nang",
        "type": "thanh-pho",
        "name_with_type": "Thành phố Đà Nẵng",
        "code": "48",
        "en_name": "Da Nang"
    },
    {
        "name": "Sơn La",
        "slug": "son-la",
        "type": "tinh",
        "name_with_type": "Tỉnh Sơn La",
        "code": "14",
        "en_name": "Son La"
    },
    {
        "name": "Tây Ninh",
        "slug": "tay-ninh",
        "type": "tinh",
        "name_with_type": "Tỉnh Tây Ninh",
        "code": "72",
        "en_name": "Tay Ninh"
    },
    {
        "name": "Nam Định",
        "slug": "nam-dinh",
        "type": "tinh",
        "name_with_type": "Tỉnh Nam Định",
        "code": "36",
        "en_name": "Nam Dinh"
    },
    {
        "name": "Lai Châu",
        "slug": "lai-chau",
        "type": "tinh",
        "name_with_type": "Tỉnh Lai Châu",
        "code": "12",
        "en_name": "Lai Chau"
    },
    {
        "name": "Bến Tre",
        "slug": "ben-tre",
        "type": "tinh",
        "name_with_type": "Tỉnh Bến Tre",
        "code": "83",
        "en_name": "Ben Tre"
    },
    {
        "name": "Khánh Hòa",
        "slug": "khanh-hoa",
        "type": "tinh",
        "name_with_type": "Tỉnh Khánh Hòa",
        "code": "56",
        "en_name": "Khanh Hoa"
    },
    {
        "name": "Bình Thuận",
        "slug": "binh-thuan",
        "type": "tinh",
        "name_with_type": "Tỉnh Bình Thuận",
        "code": "60",
        "en_name": "Binh Thuan"
    },
    {
        "name": "Cao Bằng",
        "slug": "cao-bang",
        "type": "tinh",
        "name_with_type": "Tỉnh Cao Bằng",
        "code": "04",
        "en_name": "Cao Bang"
    },
    {
        "name": "Hải Phòng",
        "slug": "hai-phong",
        "type": "thanh-pho",
        "name_with_type": "Thành phố Hải Phòng",
        "code": "31",
        "en_name": "Hai Phong"
    },
    {
        "name": "Ninh Bình",
        "slug": "ninh-binh",
        "type": "tinh",
        "name_with_type": "Tỉnh Ninh Bình",
        "code": "37",
        "en_name": "Ninh Binh"
    },
    {
        "name": "Yên Bái",
        "slug": "yen-bai",
        "type": "tinh",
        "name_with_type": "Tỉnh Yên Bái",
        "code": "15",
        "en_name": "Yen Bai"
    },
    {
        "name": "Gia Lai",
        "slug": "gia-lai",
        "type": "tinh",
        "name_with_type": "Tỉnh Gia Lai",
        "code": "64",
        "en_name": "Gia Lai"
    },
    {
        "name": "Hoà Bình",
        "slug": "hoa-binh",
        "type": "tinh",
        "name_with_type": "Tỉnh Hoà Bình",
        "code": "17",
        "en_name": "Hoa Binh"
    },
    {
        "name": "Bà Rịa - Vũng Tàu",
        "slug": "ba-ria-vung-tau",
        "type": "tinh",
        "name_with_type": "Tỉnh Bà Rịa - Vũng Tàu",
        "code": "77",
        "en_name": "Ba Ria - Vung Tau"
    },
    {
        "name": "Cà Mau",
        "slug": "ca-mau",
        "type": "tinh",
        "name_with_type": "Tỉnh Cà Mau",
        "code": "96",
        "en_name": "Ca Mau"
    },
    {
        "name": "Bình Dương",
        "slug": "binh-duong",
        "type": "tinh",
        "name_with_type": "Tỉnh Bình Dương",
        "code": "74",
        "en_name": "Binh Duong"
    },
    {
        "name": "Cần Thơ",
        "slug": "can-tho",
        "type": "thanh-pho",
        "name_with_type": "Thành phố Cần Thơ",
        "code": "92",
        "en_name": "Can Tho"
    },
    {
        "name": "Thừa Thiên Huế",
        "slug": "thua-thien-hue",
        "type": "tinh",
        "name_with_type": "Tỉnh Thừa Thiên Huế",
        "code": "46",
        "en_name": "Thua Thien Hue"
    },
    {
        "name": "Đồng Nai",
        "slug": "dong-nai",
        "type": "tinh",
        "name_with_type": "Tỉnh Đồng Nai",
        "code": "75",
        "en_name": "Dong Nai"
    },
    {
        "name": "Tiền Giang",
        "slug": "tien-giang",
        "type": "tinh",
        "name_with_type": "Tỉnh Tiền Giang",
        "code": "82",
        "en_name": "Tien Giang"
    },
    {
        "name": "Điện Biên",
        "slug": "dien-bien",
        "type": "tinh",
        "name_with_type": "Tỉnh Điện Biên",
        "code": "11",
        "en_name": "Dien Bien"
    },
    {
        "name": "Vĩnh Phúc",
        "slug": "vinh-phuc",
        "type": "tinh",
        "name_with_type": "Tỉnh Vĩnh Phúc",
        "code": "26",
        "en_name": "Vinh Phuc"
    },
    {
        "name": "Quảng Nam",
        "slug": "quang-nam",
        "type": "tinh",
        "name_with_type": "Tỉnh Quảng Nam",
        "code": "49",
        "en_name": "Quang Nam"
    },
    {
        "name": "Đắk Lắk",
        "slug": "dak-lak",
        "type": "tinh",
        "name_with_type": "Tỉnh Đắk Lắk",
        "code": "66",
        "en_name": "Dak Lak"
    },
    {
        "name": "Thái Nguyên",
        "slug": "thai-nguyen",
        "type": "tinh",
        "name_with_type": "Tỉnh Thái Nguyên",
        "code": "19",
        "en_name": "Thai Nguyen"
    },
    {
        "name": "Hải Dương",
        "slug": "hai-duong",
        "type": "tinh",
        "name_with_type": "Tỉnh Hải Dương",
        "code": "30",
        "en_name": "Hai Duong"
    },
    {
        "name": "Bạc Liêu",
        "slug": "bac-lieu",
        "type": "tinh",
        "name_with_type": "Tỉnh Bạc Liêu",
        "code": "95",
        "en_name": "Bac Lieu"
    },
    {
        "name": "Trà Vinh",
        "slug": "tra-vinh",
        "type": "tinh",
        "name_with_type": "Tỉnh Trà Vinh",
        "code": "84",
        "en_name": "Tra Vinh"
    },
    {
        "name": "Thái Bình",
        "slug": "thai-binh",
        "type": "tinh",
        "name_with_type": "Tỉnh Thái Bình",
        "code": "34",
        "en_name": "Thai Binh"
    },
    {
        "name": "Hà Tĩnh",
        "slug": "ha-tinh",
        "type": "tinh",
        "name_with_type": "Tỉnh Hà Tĩnh",
        "code": "42",
        "en_name": "Ha Tinh"
    },
    {
        "name": "Ninh Thuận",
        "slug": "ninh-thuan",
        "type": "tinh",
        "name_with_type": "Tỉnh Ninh Thuận",
        "code": "58",
        "en_name": "Ninh Thuan"
    },
    {
        "name": "Đồng Tháp",
        "slug": "dong-thap",
        "type": "tinh",
        "name_with_type": "Tỉnh Đồng Tháp",
        "code": "87",
        "en_name": "Dong Thap"
    },
    {
        "name": "Long An",
        "slug": "long-an",
        "type": "tinh",
        "name_with_type": "Tỉnh Long An",
        "code": "80",
        "en_name": "Long An"
    },
    {
        "name": "Hậu Giang",
        "slug": "hau-giang",
        "type": "tinh",
        "name_with_type": "Tỉnh Hậu Giang",
        "code": "93",
        "en_name": "Hau Giang"
    },
    {
        "name": "Quảng Ninh",
        "slug": "quang-ninh",
        "type": "tinh",
        "name_with_type": "Tỉnh Quảng Ninh",
        "code": "22",
        "en_name": "Quang Ninh"
    },
    {
        "name": "Phú Thọ",
        "slug": "phu-tho",
        "type": "tinh",
        "name_with_type": "Tỉnh Phú Thọ",
        "code": "25",
        "en_name": "Phu Tho"
    },
    {
        "name": "Quảng Bình",
        "slug": "quang-binh",
        "type": "tinh",
        "name_with_type": "Tỉnh Quảng Bình",
        "code": "44",
        "en_name": "Quang Binh"
    },
    {
        "name": "Hồ Chí Minh",
        "slug": "ho-chi-minh",
        "type": "thanh-pho",
        "name_with_type": "Thành phố Hồ Chí Minh",
        "code": "79",
        "en_name": "Ho Chi Minh City"
    },
    {
        "name": "Hà Nam",
        "slug": "ha-nam",
        "type": "tinh",
        "name_with_type": "Tỉnh Hà Nam",
        "code": "35",
        "en_name": "Ha Nam"
    },
    {
        "name": "Bắc Ninh",
        "slug": "bac-ninh",
        "type": "tinh",
        "name_with_type": "Tỉnh Bắc Ninh",
        "code": "27",
        "en_name": "Bac Ninh"
    },
    {
        "name": "Bắc Giang",
        "slug": "bac-giang",
        "type": "tinh",
        "name_with_type": "Tỉnh Bắc Giang",
        "code": "24",
        "en_name": "Bac Giang"
    },
    {
        "name": "Bắc Kạn",
        "slug": "bac-kan",
        "type": "tinh",
        "name_with_type": "Tỉnh Bắc Kạn",
        "code": "06",
        "en_name": "Bac Kan"
    }
]